{
  "config": {
    "runtime": {
      "seed": 7,
      "log_level": "INFO",
      "output_dir": "artifacts"
    },
    "optimization": {
      "alpha": 0.05,
      "epsilon_star": 0.15,
      "method": "all",
      "enforce_nu_greater_than_six": true
    }
  },
  "inputs": {
    "u": [
      -1.5301357655053935,
      -0.47775327603393064,
      -0.9785190780566395,
      -0.8088372394255993,
      1.0608986233860787
    ],
    "v": [
      0.2869309446299544,
      2.616759710820513,
      0.6386928958466366,
      0.148500945401072,
      0.21330898600330755
    ],
    "q_matrix": [
      [
        5.598744119096886,
        -0.3861165253235309,
        0.7383981619517783,
        -1.7903063592303465,
        -0.5849099689065492
      ],
      [
        -0.3861165253235309,
        2.582415074750873,
        0.9494280780707754,
        1.8641440520515817,
        1.512976539536288
      ],
      [
        0.7383981619517783,
        0.9494280780707754,
        4.198273400127627,
        0.012614100258026398,
        -0.3185718241991269
      ],
      [
        -1.7903063592303465,
        1.8641440520515817,
        0.012614100258026398,
        6.08942412109137,
        3.231765224654015
      ],
      [
        -0.5849099689065492,
        1.512976539536288,
        -0.3185718241991269,
        3.231765224654015,
        2.780048778800279
      ]
    ]
  },
  "outputs": {
    "variance_solution": [
      0.02921761476793949,
      0.4141569817503364,
      -0.07525049137537244,
      -0.003381835686908088,
      -0.20425103683496104
    ],
    "cfvar2_solution": [
      -0.04307763348407416,
      0.40930349722029163,
      -0.06924665626115885,
      -0.1834003425423194,
      0.05988438158609173
    ],
    "cfvar3_solution": [
      -11768849.93293917,
      -2492372.6868283497,
      4610232.225358674,
      -35612437.85769795,
      57394425.84422479
    ],
    "cfvar2_at_variance_solution": 0.9720650816359755
  },
  "uncertainty": {
    "status": "NOT DETERMINED",
    "items": [
      "c, h, q, H, E definitions from Section 2.4 extracted HTML",
      "epsilon_star closed scalar form from Appendix B"
    ]
  }
}